source,date,link,n_comments,title,comment_1_author,comment_1_location,comment_1_date,comment_1_text,comment_1_likes,comment_1_dislikes,comment_2_author,comment_2_location,comment_2_date,comment_2_text,comment_2_likes,comment_2_dislikes,comment_3_author,comment_3_location,comment_3_date,comment_3_text,comment_3_likes,comment_3_dislikes,comment_4_author,comment_4_location,comment_4_date,comment_4_text,comment_4_likes,comment_4_dislikes,comment_5_author,comment_5_location,comment_5_date,comment_5_text,comment_5_likes,comment_5_dislikes,comment_6_author,comment_6_location,comment_6_date,comment_6_text,comment_6_likes,comment_6_dislikes,comment_7_author,comment_7_location,comment_7_date,comment_7_text,comment_7_likes,comment_7_dislikes,comment_8_author,comment_8_location,comment_8_date,comment_8_text,comment_8_likes,comment_8_dislikes,comment_9_author,comment_9_location,comment_9_date,comment_9_text,comment_9_likes,comment_9_dislikes,comment_10_author,comment_10_location,comment_10_date,comment_10_text,comment_10_likes,comment_10_dislikes,comment_11_author,comment_11_location,comment_11_date,comment_11_text,comment_11_likes,comment_11_dislikes,comment_12_author,comment_12_location,comment_12_date,comment_12_text,comment_12_likes,comment_12_dislikes,comment_13_author,comment_13_location,comment_13_date,comment_13_text,comment_13_likes,comment_13_dislikes,comment_14_author,comment_14_location,comment_14_date,comment_14_text,comment_14_likes,comment_14_dislikes,comment_15_author,comment_15_location,comment_15_date,comment_15_text,comment_15_likes,comment_15_dislikes,fecha_filtrado,filtro_aplicado
Diario de Pontevedra,2025-05-24T06:00:00,https://www.diariodepontevedra.es/articulo/o-morrazo/defensa-cedera-mas-terrenos-escuela-naval-concello-marin/202505232024331392201.html,2,Defensa no cederá más terrenos de la Escuela Naval Militar al Concello de Marín,Jl,,24/05/25 19:04 19:04,Ceder non ceden nin un metro .Dis que faille falta.E logo salen a correr as praias.Siguelle facendo a ola señora alcaldesa.Mexan enr.........,0,1,,,,,0,0,,,,,0,0,,,,,0,0,,,,,0,0,,,,,0,0,,,,,0,0,,,,,0,0,,,,,0,0,,,,,0,0,,,,,0,0,,,,,0,0,,,,,0,0,,,,,0,0,,,,,0,0,2025-06-01 20:04:45,n_comments>=1
Diario de Pontevedra,2025-06-01T16:41:11.880797,https://www.diariodepontevedra.es/articulo/o-morrazo/marin/202408021356451314802.html,3,"Marín, una de las localidades costeras españolas con el precio de vivienda más bajo",,,,,0,0,SIN MAR,,02/08/24 15:32 15:32,"Comprar unha vivenda en Marín que dende o casco urbano non se ve o mar non ten tirón, o único si che gusta ter vista a contenedores.",0,1,,,,,0,0,,,,,0,0,,,,,0,0,,,,,0,0,,,,,0,0,,,,,0,0,,,,,0,0,,,,,0,0,,,,,0,0,,,,,0,0,,,,,0,0,,,,,0,0,,,,,0,0,2025-06-01 20:04:45,n_comments>=1
Diario de Pontevedra,2024-07-12T12:06:00,https://www.diariodepontevedra.es/articulo/o-morrazo/juan-sebastian-elcano-marin/202407121206461312298.html,2,Lágrimas de alegría a la llegada del Juan Sebastián Elcano a Marín,,,,,0,0,Pepster Anakrosis,,12/07/24 22:05 22:05,"Sic ""No faltaron pasodobles típicos del folclore español interpretados por las bandas de música del centro castrense "" a ver si confundieron Marín con la castellana ...",0,1,,,,,0,0,,,,,0,0,,,,,0,0,,,,,0,0,,,,,0,0,,,,,0,0,,,,,0,0,,,,,0,0,,,,,0,0,,,,,0,0,,,,,0,0,,,,,0,0,,,,,0,0,2025-06-01 20:04:45,n_comments>=1
La Voz de Galicia,2025-04-11T00:00:00,https://www.lavozdegalicia.es/noticia/pontevedra/marin/2025/04/11/viudo-83-anos-inventa-propio-marketing-vender-chale/0003_202504P11C3993.htm,9,"El viudo de 83 años que inventa su propio márketing para vender su chalé y su finca en Pontevedra por casi 1,5 millones",,,,,0,0,,,,,0,0,Paco Calbopez,,,"Paco Calbopez hace un mes. ¿Cuánto ha pagado y cuánto ha invertido en la vivienda? Y, ¿por cuánto la vende ahora?",1,2,,,,,0,0,,,,,0,0,,,,,0,0,,,,,0,0,,,,,0,0,,,,,0,0,,,,,0,0,,,,,0,0,,,,,0,0,,,,,0,0,,,,,0,0,,,,,0,0,2025-06-01 20:04:45,n_comments>=1
La Voz de Galicia,2025-03-18T00:00:00,https://www.lavozdegalicia.es/noticia/pontevedra/pontevedra/2025/03/18/hostelero-pontevedra-niega-subir-cafe-vende-1-euro-120-bizcocho-churros-me-duele-dice-mi-tener-precios/00031742292252999321515.htm,11,El hostelero de Pontevedra que se niega a subir el café y lo vende a un euro con bizcocho y churros: «Me duele lo que se dice de mí por tener esos precios»,,,,,0,0,,,,,0,0,,,,,0,0,,,,,0,0,,,,,0,0,,,,,0,0,,,,,0,0,6lug1728897952,PONTEVEDRA,,"6lug1728897952 hace 2 meses. Y digo yo para que quieres clientes , si no te dejan beneficio. Lo unico que haces es estresar a los empleados , jajajaja",2,14,,,,,0,0,,,,,0,0,,,,,0,0,,,,,0,0,,,,,0,0,,,,,0,0,,,,,0,0,2025-06-01 20:04:45,n_comments>=1
La Voz de Galicia,2025-03-15T00:00:00,https://www.lavozdegalicia.es/noticia/galicia/2025/03/15/presion-vecinal-logra-marcha-okupas-piso-marin-piso-quedo-autentica-pocilga/00031742031568516174576.htm,13,La presión vecinal logra la marcha de los okupas de un vivienda en Marín: «El piso quedó hecho una auténtica pocilga»,,,,,0,0,,,,,0,0,Iber,PONTEVEDRA,,Iber hace 2 meses. Crear una asociación E unirse para apoyar el orden y las injusticias ..,1,2,,,,,0,0,,,,,0,0,,,,,0,0,,,,,0,0,,,,,0,0,,,,,0,0,,,,,0,0,,,,,0,0,,,,,0,0,,,,,0,0,,,,,0,0,,,,,0,0,2025-06-01 20:04:45,n_comments>=1
La Voz de Galicia,2025-03-13T00:00:00,https://www.lavozdegalicia.es/noticia/pontevedra/marin/2025/03/13/isaac-peral-submarino-moderno-armada-espanola-ria-pontevedra/00031741855271923171102.htm,10,"El Isaac Peral, el submarino más moderno de la Armada española, ya está en la ría de Pontevedra",,,,,0,0,,,,,0,0,,,,,0,0,aete8729,,,"hace 2 meses. Mejor no hablar de él Menos presumir, que se lo han tenido que arreglar los ingenieros estadounidenses, que no eran capaces los españoles.",5,14,,,,,0,0,,,,,0,0,,,,,0,0,,,,,0,0,rtor7092,,,rtor7092 Responde a mm.o1614. hace 2 meses. 4000 millóns E despois non hai pasta para rescatar a AP9!!!,3,4,,,,,0,0,,,,,0,0,,,,,0,0,,,,,0,0,,,,,0,0,,,,,0,0,2025-06-01 20:04:45,n_comments>=1
La Voz de Galicia,2025-03-11T00:00:00,https://www.lavozdegalicia.es/noticia/somosmar/2025/03/11/justicia-autocorrige-ordena-indemnizar-medio-millon-euros-familis-fallecidos-mayor-tragedia-ria-pontevedra-decadas/00031741681576853113457.htm,1,La Justicia se autocorrige y ordena indemnizar con medio millón de euros a las familias de los fallecidos en la mayor tragedia en la ría de Pontevedra en décadas,jsem922813936,,,2 meses. Dos veces mismo juicio Tengo entendido no se puede juzgar dos veces un mismo hecho una vez sentenciado y con resolución Es buena y justa noticia pero vaya mierda de jurisprudencia,0,2,,,,,0,0,,,,,0,0,,,,,0,0,,,,,0,0,,,,,0,0,,,,,0,0,,,,,0,0,,,,,0,0,,,,,0,0,,,,,0,0,,,,,0,0,,,,,0,0,,,,,0,0,,,,,0,0,2025-06-01 20:04:45,n_comments>=1
La Voz de Galicia,2025-02-21T00:00:00,https://www.lavozdegalicia.es/noticia/pontevedra/marin/2025/02/21/incautados-200-kilos-cocaina-anclados-casco-portacontenedores-puerto-marin/00031740142361895944450.htm,12,Incautados 120 kilos de cocaína anclados al casco de un portacontenedores en el puerto de Marín,,,,,0,0,,,,,0,0,,,,,0,0,,,,,0,0,,,,,0,0,,,,,0,0,,,,,0,0,1589173984,,,1589173984 hace 3 meses. pandereta embarcacion rusa con bandera de panama alguien puede explicar eso. si tiene bandera de panama sera de panama. o decir que es ruso vende mas,4,7,,,,,0,0,,,,,0,0,jslo3111,,,"hace 3 meses. Raro, raro, raro Y en vez de m9ntar operación ratonera van y mandan buzos antes de su retirada. Nos toman por imbéciles.",4,7,,,,,0,0,,,,,0,0,,,,,0,0,,,,,0,0,2025-06-01 20:04:45,n_comments>=1
La Voz de Galicia,2024-12-15T00:00:00,https://www.lavozdegalicia.es/noticia/galicia/2024/12/15/leonor-apura-ultimos-dias-marin-vivido-alumna/0003_202412G15P8991.htm,10,"Leonor apura sus últimos días en Marín, donde ha vivido casi como una alumna más",,,,,0,0,,,,,0,0,,,,,0,0,,,,,0,0,,,,,0,0,,,,,0,0,xcal95851952,,,5 meses. CASI COMO UNA MAS .... Non .... porque a ningún lle poñen un piso os seus pais de picadero .... e a ningún lle permiten o que a ela lle permiten.,6,9,,,,,0,0,,,,,0,0,,,,,0,0,,,,,0,0,,,,,0,0,,,,,0,0,,,,,0,0,,,,,0,0,2025-06-01 20:04:45,n_comments>=1
La Voz de Galicia,2024-12-12T00:00:00,https://www.lavozdegalicia.es/noticia/pontevedra/marin/2024/12/12/pleno-marin-ratifica-princesa-leonor-hija-adoptiva/00031734017266845172588.htm,12,El pleno de Marín ratifica a la princesa Leonor como hija adoptiva,,,,,0,0,,,,,0,0,,,,,0,0,,,,,0,0,josiño,,,josiño hace 5 meses. Pelotas. que sois unos pelotas. Ya solo falta pedirle que haga un anuncio promocionando los bares del pueblo.,2,5,,,,,0,0,,,,,0,0,,,,,0,0,,,,,0,0,,,,,0,0,,,,,0,0,,,,,0,0,,,,,0,0,,,,,0,0,,,,,0,0,2025-06-01 20:04:45,n_comments>=1
La Voz de Galicia,2024-12-08T00:00:00,https://www.lavozdegalicia.es/noticia/pontevedra/2024/12/08/princesa-leonor-divertida-cantando-abrazada-companeros-baile-despedida-escuela-naval-marin/00031733669612578497619.htm,8,"La princesa Leonor, divertida, cantando y abrazada a sus compañeros en el baile de  despedida de la Escuela Naval de Marín",,,,,0,0,Trieste,,,"Trieste de las Marianas Responde a mdis7538. hace 5 meses. En barco, en la Armada, y arrimando el hombro. No en Falcon, y poniéndose ciego a ibéricos y demás viandas, y Dios sabe qué más. Diferencia sustancial.",0,7,,,,,0,0,,,,,0,0,jfra9036,,,"hace 5 meses. Y? A mi que carallo me importa que la chavalita cante En fin, periodismo cutre a más no poder",14,30,,,,,0,0,lbic1293,,,lbic1293 Responde a jvie34. hace 5 meses. Seguro que no lo leyo como tú tampoco lo has hecho,4,12,,,,,0,0,,,,,0,0,,,,,0,0,,,,,0,0,,,,,0,0,,,,,0,0,,,,,0,0,,,,,0,0,2025-06-01 20:04:45,n_comments>=1
La Voz de Galicia,2024-10-26T00:00:00,https://www.lavozdegalicia.es/noticia/ferrol/ferrol/2024/10/26/paloma-lago-nuria-espasandin-poder-chicas-ferrol-moda/0003_202410F26C7994.htm,2,"Paloma Lago y Nuria Espasandín, el poder de las chicas: «Ferrol está muy de moda»",ImpasibleelAdemán,,,"ImpasibleelAdemán Blas hace 7 meses. ""Paloma ,que me han dicho que es de goma. AECC y Moda = Vale + Desfile luego MEJOR AECC Moda Promo de empresario privado + Pp= INDIGESTIÓN",1,3,,,,,0,0,,,,,0,0,,,,,0,0,,,,,0,0,,,,,0,0,,,,,0,0,,,,,0,0,,,,,0,0,,,,,0,0,,,,,0,0,,,,,0,0,,,,,0,0,,,,,0,0,,,,,0,0,2025-06-01 20:04:45,n_comments>=1
La Voz de Galicia,2024-10-21T00:00:00,https://www.lavozdegalicia.es/noticia/pontevedra/bueu/2024/10/21/bng-pide-gobierno-convierta-faro-isla-ons-museo/0003_202410P21C1992.htm,7,El BNG pide al Gobierno que convierta el faro de la isla de Ons en un museo,,,,,0,0,,,,,0,0,,,,,0,0,pper8570,,,pper8570 de Reis Responde a slle7096. hace 7 meses. Sería ideal para sede de un soviet.,3,28,,,,,0,0,,,,,0,0,,,,,0,0,,,,,0,0,,,,,0,0,,,,,0,0,,,,,0,0,,,,,0,0,,,,,0,0,,,,,0,0,,,,,0,0,2025-06-01 20:04:45,n_comments>=1
La Voz de Galicia,2024-09-30T00:00:00,https://www.lavozdegalicia.es/noticia/pontevedra/2024/09/30/rias-baixas-unen-reyes-espana-leonor-juan-carlos-i/0003_202409P30C1991.htm,14,"Las Rías Baixas se ganan a los reyes de España, a Leonor y a Juan Carlos I",,,,,0,0,,,,,0,0,,,,,0,0,,,,,0,0,,,,,0,0,,,,,0,0,,,,,0,0,crme3171,,,8 meses. Hasta cuando? Hasta cuando vamos a mantener a estos vividores?,5,7,,,,,0,0,,,,,0,0,,,,,0,0,,,,,0,0,,,,,0,0,,,,,0,0,,,,,0,0,2025-06-01 20:04:45,n_comments>=1
La Voz de Galicia,2024-09-20T00:00:00,https://www.lavozdegalicia.es/noticia/galicia/2024/09/20/princesa-leonor-marin-juan-carlos-i-sanxenxo-24-kilometros-separaran-nieta-abuelo/00031726820305057112588.htm,13,"La princesa Leonor en Marín y Juan Carlos I en Sanxenxo, heredera y emérito, separados en Galicia por solo 24 kilómetros",,,,,0,0,,,,,0,0,,,,,0,0,,,,,0,0,fste58,,,"hace 8 meses. Y por que no? Puede reencontrarse con quien le de la gana, en Galicia Majestad, a pesar de muchos bloqueiros galegoideos serà usted siempre bienvenido, por todo la prosperidad que ha traído a España, aunque se llevase sus comisiones de los contratos, solo faltaría, como cualquier otro comercial intermediario. Si ademas muchos de los que le critican con eso comieron gracias a los contratos de fragatas que traía para astilleros gallegos, lo que pasa es que hay mucha hipocresía. Lo dicho un honor Majestad, por muchos años",2,5,,,,,0,0,,,,,0,0,,,,,0,0,,,,,0,0,,,,,0,0,,,,,0,0,,,,,0,0,,,,,0,0,,,,,0,0,,,,,0,0,2025-06-01 20:04:45,n_comments>=1
La Voz de Galicia,2024-09-04T00:00:00,https://www.lavozdegalicia.es/noticia/somosmar/2024/09/04/empresa-pesquera-berete-llego-facturar-20-millones-entra-concurso/0003_202409V4C3994.htm,10,"La empresa pesquera Berete, que llegó a facturar 20 millones, entra en concurso",,,,,0,0,,,,,0,0,,,,,0,0,,,,,0,0,rcha-1050270640,,,"rcha-1050270640 a adb.-1273230368. hace 8 meses. Como a Correos o Navantia Si fueran empresas públicas tendrían financiación de por vida, así den pérdidas mil millonarias. Es que lo público, mola, paga el malvado capital, otra cosa es producir y exigir a los demás lo que ellos no hacen. Más iniciativa privada y nada, público.",4,5,,,,,0,0,,,,,0,0,E1jaitha,PONTEVEDRA,,E1jaitha Responde a rcha-1050270640. hace 8 meses. Caballeros... es lo que hay,0,5,E1jaitha,PONTEVEDRA,,E1jaitha Responde a rcha-1050270640. hace 8 meses. O a... Strellanantis,0,4,,,,,0,0,,,,,0,0,,,,,0,0,,,,,0,0,,,,,0,0,,,,,0,0,2025-06-01 20:04:45,n_comments>=1
La Voz de Galicia,2024-09-01T00:00:00,https://www.lavozdegalicia.es/noticia/vigo/moana/2024/09/01/princesa-leonor-picoteo-moana/00031725182864053843330.htm,11,"La princesa Leonor, de picoteo en Moaña y de copas en Pontevedra",,,,,0,0,,,,,0,0,mgue-734398720,,,9 meses. Sempre o mesmo Hay xente que nunca esta contenta con nada.,2,16,,,,,0,0,,,,,0,0,,,,,0,0,,,,,0,0,,,,,0,0,,,,,0,0,,,,,0,0,,,,,0,0,,,,,0,0,,,,,0,0,,,,,0,0,,,,,0,0,2025-06-01 20:04:45,n_comments>=1
La Voz de Galicia,2024-08-29T00:00:00,https://www.lavozdegalicia.es/noticia/galicia/2024/08/29/sera-nueva-vida-leonor-marin/0003_202408G29P19991.htm,9,Así será desde hoy la nueva vida de la princesa Leonor en Marín,EL autoestopista gala(ct)ico,,,"EL autoestopista gala(ct)ico lugar de la galaxia. hace 9 meses. La libertad de expresion permite criticar a la monarquia, Pero para poder modificar el modelo de estado, primero tenéis que tener los votos suficientes para reformar la constitución. Afortunadamente, no es una república bolivariana para tener a un presidente sin avales como Maduro. Aunque para la izquierda sea su modelo preferido. Mientras yo os recomendaría no leer los artículos que hagan referencia a la familia real, para no calentaros tanto.",1,4,,,,,0,0,EL autoestopista gala(ct)ico,,,"EL autoestopista gala(ct)ico lugar de la galaxia. Responde a King Arthur. hace 9 meses. Mientras podais chantajear a Sanchez... Todo es posible, pero para reformar la constitución, ni toda la izquierda, ni todo el nacionalismo, ni toda la extrema izquierda, os da ni de coña para reformar la constitución. Necesitáis 3/5 de ambas cámaras y después aprobar un referéndum por todos los españoles. Si solo es una maniobra electoralista para crear un problema donde no lo hay, mejor os dedicáis a otras causas. La ideología es muy aséptica, pero la realidad tiene mucha más mi~#da.",0,4,EL autoestopista gala(ct)ico,,,"EL autoestopista gala(ct)ico lugar de la galaxia. Responde a El Turista Impertinente. hace 9 meses. Me he equivocado para una reformar fundamental... que sería el caso de cambiar de modelo, la proporción sería de 2/3 de cada cámara y un referéndum... peor.",0,3,,,,,0,0,,,,,0,0,,,,,0,0,vlab696489232,,,vlab696489232 a crme3171. hace 9 meses. Esto Es lo que le han pedido los Españoles muchos de izquierdas a Franco qué pensabais pues ahora hay qué aguantar...,1,4,,,,,0,0,,,,,0,0,,,,,0,0,,,,,0,0,,,,,0,0,,,,,0,0,,,,,0,0,2025-06-01 20:04:45,n_comments>=1
La Voz de Galicia,2024-08-19T00:00:00,https://www.lavozdegalicia.es/noticia/pontevedra/2024/08/19/arranca-curso-escuela-naval-marin-tendra-alumna-princesa-asturias-expectantes/00031724060596363415763.htm,11,"Arranca el curso en la Escuela Naval de Marín, que tendrá como alumna a la princesa Leonor: «Estamos expectantes»",,,,,0,0,,,,,0,0,Terra a dentro,,,"Terra a dentro María de Todo mundo hace 9 meses. NO KA METRNPOR IS OLLOS. Juste ou non che juste. A nais preparada a mais lista, ascende coma espuma. Que mais queremos.",1,3,,,,,0,0,,,,,0,0,,,,,0,0,,,,,0,0,,,,,0,0,,,,,0,0,,,,,0,0,,,,,0,0,,,,,0,0,,,,,0,0,,,,,0,0,,,,,0,0,2025-06-01 20:04:45,n_comments>=1
La Voz de Galicia,2024-08-12T00:00:00,https://www.lavozdegalicia.es/noticia/pontevedra/bueu/2024/08/12/declara-ante-juez-vecino-bueuinvestigado-dar-paliza-madre/00031723468765684627198.htm,5,Prisión provisional para el vecino de Bueu investigado por dar una paliza a su madre,,,,,0,0,,,,,0,0,,,,,0,0,fste58,,,hace 9 meses. A FOUTEZA! Espero que no lo dejen entrar en Balaídos de ahora en adelante,9,18,,,,,0,0,,,,,0,0,,,,,0,0,,,,,0,0,,,,,0,0,,,,,0,0,,,,,0,0,,,,,0,0,,,,,0,0,,,,,0,0,,,,,0,0,2025-06-01 20:04:45,n_comments>=1
La Voz de Galicia,2024-07-16T00:00:00,https://www.lavozdegalicia.es/noticia/galicia/2024/07/16/rey-felipe-vi-anima-leonor-ganarse-galones-regala-escuela-naval-camiseta-firmada-seleccion-espanola-futbol/00031721140971218614667.htm,11,El rey Felipe VI anima a Leonor a esforzarse y regala a la Escuela Naval una camiseta firmada por la selección española de fútbol,,,,,0,0,,,,,0,0,,,,,0,0,,,,,0,0,,,,,0,0,,,,,0,0,,,,,0,0,O CAXATO,PONTEVEDRA,,"O CAXATO Responde a perraka. hace 10 meses. POR ESFUERZO Error, estás mal informado.",3,4,,,,,0,0,,,,,0,0,,,,,0,0,,,,,0,0,,,,,0,0,,,,,0,0,,,,,0,0,2025-06-01 20:04:45,n_comments>=1
La Voz de Galicia,2024-07-16T00:00:00,https://www.lavozdegalicia.es/noticia/pontevedra/marin/2024/07/16/reyes-acompanados-princesa-leonor-presiden-entrega-despachos-oficial-escuela-naval-marin/00031721115508748777411.htm,9,"El rey Felipe VI, acompañado por la reina Letizia y la princesa Leonor, entrega los despachos de oficial en la Escuela Naval de Marín",,,,,0,0,,,,,0,0,eili4796,,,"hace 10 meses. España Un acto muy bonito de la Armada, lo peor Fue la televisión Gallega, están hablando en la plaza en castellano y le televisión pasa por encima con su Gallego y no te enteras de lo que dicen o pasa en la plaza, tienen que saber su moderadores, este es un acta para toda España y no solo para los Gallegos que hablan un champurrado, es lamentable que pase esto por causa incultas y destructivas de los actos. Esto lo mira todo el mundo, pero el mundo no habla Gallego.",4,20,,,,,0,0,,,,,0,0,,,,,0,0,,,,,0,0,,,,,0,0,,,,,0,0,,,,,0,0,,,,,0,0,,,,,0,0,,,,,0,0,,,,,0,0,,,,,0,0,2025-06-01 20:04:45,n_comments>=1
La Voz de Galicia,2024-03-27T00:00:00,https://www.lavozdegalicia.es/noticia/pontevedra/2024/03/27/autovia-pontevedra-marin-ejemplo-carretera-afectada-cambio-climatico/00031711535680448933134.htm,10,"La autovía de Pontevedra a Marín, ¿ejemplo de carretera afectada por el cambio climático?",,,,,0,0,,,,,0,0,,,,,0,0,,,,,0,0,,,,,0,0,,,,,0,0,,,,,0,0,jadi-1438634240,,,"un año. negacionistas qee vaah, o cambio climático non existe...a ver donde esta, qe yo lo vea....",3,6,,,,,0,0,,,,,0,0,,,,,0,0,,,,,0,0,,,,,0,0,,,,,0,0,,,,,0,0,2025-06-01 20:04:45,n_comments>=1
La Voz de Galicia,2024-02-19T00:00:00,https://www.lavozdegalicia.es/noticia/pontevedra/2024/02/19/bola-fuego-cruzo-cielo-provincia-pontevedra/00031708349047724777250.htm,12,¿Qué fue la bola de fuego que cruzó este domingo el cielo de la provincia de Pontevedra?,,,,,0,0,,,,,0,0,,,,,0,0,,,,,0,0,rufu1461020384,,,un año. Bola de fuego Las bolas de Feijoo,2,5,,,,,0,0,,,,,0,0,fbra1444507760,,,"un año. No hombre no Fue un evento cósmico que cambió miles de votos ya depositados en las urnas a favor del BNG, y que trasmuto en votos del PP. Ahora toca averiguar su fueron los RUSOS O LOS AMERICANOS, que tanto da.",5,9,,,,,0,0,pulo-1920967776,,,pulo-1920967776 a ehuc-1012095872. hace un año. Mais os dois deputados do PP.,4,6,,,,,0,0,,,,,0,0,,,,,0,0,,,,,0,0,,,,,0,0,2025-06-01 20:04:45,n_comments>=1
La Voz de Galicia,2024-01-09T00:00:00,https://www.lavozdegalicia.es/noticia/pontevedra/marin/2024/01/09/coma-amenazo-finca-lourizan/0003_202401P9C8991.htm,2,"2002: Una coma amenazó la finca de Lourizán, en Pontevedra",,,,,0,0,olisensiado,,,"olisensiado hace un año. Unha coma? Pensei que leera outra cousa, xa estaba eu pensando antes de ler a noticia que o motivo fora un lío de faldas ou algo parecido.",1,6,,,,,0,0,,,,,0,0,,,,,0,0,,,,,0,0,,,,,0,0,,,,,0,0,,,,,0,0,,,,,0,0,,,,,0,0,,,,,0,0,,,,,0,0,,,,,0,0,,,,,0,0,2025-06-01 20:04:45,n_comments>=1
La Voz de Galicia,2023-12-27T00:00:00,https://www.lavozdegalicia.es/noticia/galicia/2023/12/27/lanchero-aldan-caido-coca-africa-traficaba-estrecho-hachis/0003_202312G27P8991.htm,1,El lanchero de Aldán caído con 5.100 kilos  de coca en Cabo Verde traficaba también en el Estrecho con hachís,fful2128,,,hace un año. Exportando talento Jóvenes sobradamente preparados.,1,3,,,,,0,0,,,,,0,0,,,,,0,0,,,,,0,0,,,,,0,0,,,,,0,0,,,,,0,0,,,,,0,0,,,,,0,0,,,,,0,0,,,,,0,0,,,,,0,0,,,,,0,0,,,,,0,0,2025-06-01 20:04:45,n_comments>=1
La Voz de Galicia,2023-12-08T00:00:00,https://www.lavozdegalicia.es/noticia/pontevedra/marin/2023/12/08/fallecen-dos-personas-choque-dos-coches-marin/0003_202312202312081702070272380.htm,14,Mueren dos jóvenes de 16 y 17 años en un choque entre dos coches en Marín,,,,,0,0,,,,,0,0,,,,,0,0,,,,,0,0,,,,,0,0,,,,,0,0,Tranqui,,,Tranqui Centauro hace un año. Los sábados por la mañana hay mucha gente ociosa. No hay más que leer estos mensajes de superdotados de abajo. Catedráticos que lo saben todo.,2,3,,,,,0,0,,,,,0,0,,,,,0,0,,,,,0,0,yxos1112422448,,,un año. Las carreteras están hechas un desastre Hay muchas imprudencias porque los radares están para recaudar y no donde serían utiles,1,12,,,,,0,0,,,,,0,0,,,,,0,0,2025-06-01 20:04:45,n_comments>=1
La Voz de Galicia,2023-11-23T00:00:00,https://www.lavozdegalicia.es/noticia/pontevedra/2023/11/23/investidura-pedro-sanchez-desbloquea-vial-mollavao/0003_202311P23C1991.htm,1,"La investidura de Pedro Sánchez desbloquea el vial de Mollavao, en Pontevedra",jfra-1977057184,,,"un año. Pues la verdad va a salir caro el vial, el psicópata nos lo va a hacer pagar bien.",0,3,,,,,0,0,,,,,0,0,,,,,0,0,,,,,0,0,,,,,0,0,,,,,0,0,,,,,0,0,,,,,0,0,,,,,0,0,,,,,0,0,,,,,0,0,,,,,0,0,,,,,0,0,,,,,0,0,2025-06-01 20:04:45,n_comments>=1
La Voz de Galicia,2023-11-03T00:00:00,https://www.lavozdegalicia.es/noticia/ferrol/ferrol/2023/11/03/roberto-leal-ciudad-muchachos-ourense-emprendedor-hostelero-ferrol/00031699012844157835173.htm,8,"Roberto Leal, de la Ciudad de los Muchachos de Ourense a emprendedor hostelero en Ferrol",,,,,0,0,,,,,0,0,,,,,0,0,crme3171,,,"un año. Sobran bares Es que en Ferrol no saben mas que montar bares, cuando sobran la mitad ?",2,9,,,,,0,0,,,,,0,0,,,,,0,0,,,,,0,0,,,,,0,0,,,,,0,0,,,,,0,0,,,,,0,0,,,,,0,0,,,,,0,0,,,,,0,0,2025-06-01 20:04:45,n_comments>=1
La Voz de Galicia,2023-10-26T00:00:00,https://www.lavozdegalicia.es/noticia/ferrol/ferrol/2023/10/26/maravillosa-locura-artesa-pasa-16-39-trabajadores-procesar-2400-kilos-vieira-gallega-dia/00031698298457400142108.htm,1,"«Maravillosa locura» en Artesa, la planta que pasa de 16 a 38 trabajadores para procesar 2.400 kilos de vieira gallega al día",Roque V,,,Roque V hace un año. En un par de años se quejarán de que ya no hay.,0,3,,,,,0,0,,,,,0,0,,,,,0,0,,,,,0,0,,,,,0,0,,,,,0,0,,,,,0,0,,,,,0,0,,,,,0,0,,,,,0,0,,,,,0,0,,,,,0,0,,,,,0,0,,,,,0,0,2025-06-01 20:04:45,n_comments>=1
La Voz de Galicia,2023-09-10T00:00:00,https://www.lavozdegalicia.es/noticia/pontevedra/sanxenxo/2023/09/10/bum-transformar-bajos-viviendas-dispara-sanxenxo/0003_202309P10C1991.htm,2,El bum de transformar bajos en viviendas se dispara en Sanxenxo,axiavodacancela,,,"axiavodacancela de abaixo hace un año. Es que era para eso aumentar los negocios turísticos de amigos que en su día compraron bajos para especular, el no va más",1,2,,,,,0,0,,,,,0,0,,,,,0,0,,,,,0,0,,,,,0,0,,,,,0,0,,,,,0,0,,,,,0,0,,,,,0,0,,,,,0,0,,,,,0,0,,,,,0,0,,,,,0,0,,,,,0,0,2025-06-01 20:04:45,n_comments>=1
La Voz de Galicia,2023-07-10T00:00:00,https://www.lavozdegalicia.es/noticia/pontevedra/2023/07/10/supremo-avala-primeras-rebajas-pena-audiencia-pontevedra-ley-solo-/00031688984142689857489.htm,11,El Supremo avala las primeras rebajas de pena de la Audiencia de Pontevedra por la ley del «solo sí es sí»,mlen-2046330240,,,"un año. A ver si va a haber que leerse la ley Y entenderla para ver que, salvo la pifia de las penas, es una ley muy buena. Lo de las condenas fue una ca ga da muy grande de quien redactó esa parte, recordando que no fue la parte morada del gobierno, y que nunca en ningún pleno ni en ninguna sesión salió la posibilidad de que se interpretase la lay así por parte de la judicatura. El hombre de Cromagnon se queda con lo que le señala el jefe cavernícola y no ve más allá de su dedo, incluidas las postverdades, como llamaba Trump a las fakenews. Pero tranquilos, que vendrá Feijvox a redirigirnos a las cuevas y meter a la mujer en casa y con la pata quebrada.",0,3,,,,,0,0,,,,,0,0,,,,,0,0,,,,,0,0,,,,,0,0,,,,,0,0,,,,,0,0,yosoy,,,yosoy Responde a Costa Vella. hace un año. Te enteras menos que de poco.,0,1,,,,,0,0,,,,,0,0,,,,,0,0,,,,,0,0,,,,,0,0,,,,,0,0,2025-06-01 20:04:45,n_comments>=1
La Voz de Galicia,2023-07-05T00:00:00,https://www.lavozdegalicia.es/noticia/pontevedra/sanxenxo/2023/07/05/vota-opina-estas-acuerdo-sanxenxo-suspenda-duchas-playas-ahorrar-agua-gustaria-medida-extendiera-resto-playas-galicia/00031688550714161483221.htm,6,Vota y opina: ¿Estás de acuerdo con que Sanxenxo suspenda las duchas de las playas para ahorrar agua?,,,,,0,0,mria-555600416,,,"un año. Duchas en la playa de Sanxenso Podían quedar lo de los pies , es muy molesto andar con la arena hasta casa",0,1,,,,,0,0,,,,,0,0,,,,,0,0,,,,,0,0,,,,,0,0,,,,,0,0,,,,,0,0,,,,,0,0,,,,,0,0,,,,,0,0,,,,,0,0,,,,,0,0,,,,,0,0,2025-06-01 20:04:45,n_comments>=1
La Voz de Galicia,2023-06-26T00:00:00,https://www.lavozdegalicia.es/noticia/pontevedra/marin/2023/06/26/pontevedra-paraiso-155-euros-pangolines-incluidos/00031687792928558664467.htm,3,"Al paraíso playero de las Rías Baixas por 1,55 euros viajando como sardinas y con pangolines a bordo",,,,,0,0,,,,,0,0,pper8570,,,de Reis hace un año. Nada diferente al bus de Vigo que va a Samil.,0,1,,,,,0,0,,,,,0,0,,,,,0,0,,,,,0,0,,,,,0,0,,,,,0,0,,,,,0,0,,,,,0,0,,,,,0,0,,,,,0,0,,,,,0,0,,,,,0,0,2025-06-01 20:04:45,n_comments>=1
La Voz de Galicia,2023-06-05T00:00:00,https://www.lavozdegalicia.es/noticia/pontevedra/2023/06/05/alcaldesa-marin-pp-posa-fuese-regidor-fusilado-franquistas-reivindicar-memoria-historica/00031685962238955645945.htm,15,Una alcaldesa del PP que se mete en la piel de su antecesor fusilado por los franquistas: el simbólico posado de la regidora de Marín,,,,,0,0,,,,,0,0,,,,,0,0,,,,,0,0,,,,,0,0,paya1393641840,,,un año. punto de vista ¡Demagogia a todo trapo...!,2,5,,,,,0,0,,,,,0,0,,,,,0,0,,,,,0,0,,,,,0,0,,,,,0,0,,,,,0,0,,,,,0,0,,,,,0,0,2025-06-01 20:04:45,n_comments>=1
